#,Time,%Passes,Change,Test,Pass,Partial,Fail,Untested
0,Tue Mar 27 01:21:22 EDT 2018,22,22,Assignment4Suite,ContainsTest2+ EmptyTest0+ FindMinMaxTest0+ FindMinMaxTest1+ SizeTest0+ SizeTest1+ SizeTest3+ , ,ContainsTest0- ContainsTest1- EmptyTest1- EmptyTest2- FindMinMaxTest2- HeightTest- InsertAfterRemoveTest0- InsertAfterRemoveTest1- InsertAfterRemoveTest2- InsertTest0- InsertTest1- InsertTest2- InsertTest3- InsertTest4- InsertTest5- RemoveTest0- RemoveTest1- RemoveTest2- RemoveTest3- RemoveTest4- RemoveTest5- RemoveTest6- RemoveTest7- SizeTest2- , ,
1,Thu Mar 29 00:56:37 EDT 2018,25,3,Assignment4Suite,EmptyTest0 FindMinMaxTest0 FindMinMaxTest1 FindMinMaxTest2+ InsertTest5+ SizeTest0 SizeTest1 SizeTest3 , ,ContainsTest0 ContainsTest1 ContainsTest2- EmptyTest1 EmptyTest2 HeightTest InsertAfterRemoveTest0 InsertAfterRemoveTest1 InsertAfterRemoveTest2 InsertTest0 InsertTest1 InsertTest2 InsertTest3 InsertTest4 RemoveTest0 RemoveTest1 RemoveTest2 RemoveTest3 RemoveTest4 RemoveTest5 RemoveTest6 RemoveTest7 SizeTest2 , ,
2,Thu Mar 29 00:58:35 EDT 2018,38,13,Assignment4Suite,ContainsTest0+ ContainsTest2+ EmptyTest0 FindMinMaxTest0 FindMinMaxTest1 FindMinMaxTest2 HeightTest+ InsertTest0+ InsertTest5 SizeTest0 SizeTest1 SizeTest3 , ,ContainsTest1 EmptyTest1 EmptyTest2 InsertAfterRemoveTest0 InsertAfterRemoveTest1 InsertAfterRemoveTest2 InsertTest1 InsertTest2 InsertTest3 InsertTest4 RemoveTest0 RemoveTest1 RemoveTest2 RemoveTest3 RemoveTest4 RemoveTest5 RemoveTest6 RemoveTest7 SizeTest2 , ,
3,Thu Mar 29 01:03:39 EDT 2018,38,0,Assignment4Suite,ContainsTest0 ContainsTest2 EmptyTest0 FindMinMaxTest0 FindMinMaxTest1 FindMinMaxTest2 HeightTest InsertTest0 InsertTest5 SizeTest0 SizeTest1 SizeTest3 , ,ContainsTest1 EmptyTest1 EmptyTest2 InsertAfterRemoveTest0 InsertAfterRemoveTest1 InsertAfterRemoveTest2 InsertTest1 InsertTest2 InsertTest3 InsertTest4 RemoveTest0 RemoveTest1 RemoveTest2 RemoveTest3 RemoveTest4 RemoveTest5 RemoveTest6 RemoveTest7 SizeTest2 , ,
4,Thu Mar 29 01:07:58 EDT 2018,64,26,Assignment4Suite,ContainsTest0 ContainsTest2 EmptyTest0 FindMinMaxTest0 FindMinMaxTest1 FindMinMaxTest2 HeightTest InsertAfterRemoveTest2+ InsertTest0 InsertTest1+ InsertTest2+ InsertTest3+ InsertTest4+ InsertTest5 RemoveTest1+ RemoveTest2+ RemoveTest6+ SizeTest0 SizeTest1 SizeTest3 , ,ContainsTest1 EmptyTest1 EmptyTest2 InsertAfterRemoveTest0 InsertAfterRemoveTest1 RemoveTest0 RemoveTest3 RemoveTest4 RemoveTest5 RemoveTest7 SizeTest2 , ,
5,Thu Mar 29 01:10:03 EDT 2018,74,10,Assignment4Suite,ContainsTest0 ContainsTest2 EmptyTest0 EmptyTest2+ FindMinMaxTest0 FindMinMaxTest1 FindMinMaxTest2 HeightTest InsertAfterRemoveTest1+ InsertAfterRemoveTest2 InsertTest0 InsertTest1 InsertTest2 InsertTest3 InsertTest4 InsertTest5 RemoveTest1 RemoveTest2 RemoveTest6 RemoveTest7+ SizeTest0 SizeTest1 SizeTest3 , ,ContainsTest1 EmptyTest1 InsertAfterRemoveTest0 RemoveTest0 RemoveTest3 RemoveTest4 RemoveTest5 SizeTest2 , ,
6,Thu Mar 29 01:13:08 EDT 2018,74,0,Assignment4Suite,ContainsTest0 ContainsTest2 EmptyTest0 EmptyTest2 FindMinMaxTest0 FindMinMaxTest1 FindMinMaxTest2 HeightTest InsertAfterRemoveTest1 InsertAfterRemoveTest2 InsertTest0 InsertTest1 InsertTest2 InsertTest3 InsertTest4 InsertTest5 RemoveTest1 RemoveTest2 RemoveTest6 RemoveTest7 SizeTest0 SizeTest1 SizeTest3 , ,ContainsTest1 EmptyTest1 InsertAfterRemoveTest0 RemoveTest0 RemoveTest3 RemoveTest4 RemoveTest5 SizeTest2 , ,
7,Thu Mar 29 01:13:39 EDT 2018,54,-20,Assignment4Suite,ContainsTest0 ContainsTest2 EmptyTest0 FindMinMaxTest0 FindMinMaxTest1 FindMinMaxTest2 HeightTest InsertTest0 InsertTest1 InsertTest2 InsertTest3 InsertTest4 InsertTest5 RemoveTest7 SizeTest0 SizeTest1 SizeTest3 , ,ContainsTest1 EmptyTest1 EmptyTest2- InsertAfterRemoveTest0 InsertAfterRemoveTest1- InsertAfterRemoveTest2- RemoveTest0 RemoveTest1- RemoveTest2- RemoveTest3 RemoveTest4 RemoveTest5 RemoveTest6- SizeTest2 , ,
8,Thu Mar 29 01:15:34 EDT 2018,54,0,Assignment4Suite,ContainsTest0 ContainsTest2 EmptyTest0 FindMinMaxTest0 FindMinMaxTest1 FindMinMaxTest2 HeightTest InsertTest0 InsertTest1 InsertTest2 InsertTest3 InsertTest4 InsertTest5 RemoveTest7 SizeTest0 SizeTest1 SizeTest3 , ,ContainsTest1 EmptyTest1 EmptyTest2 InsertAfterRemoveTest0 InsertAfterRemoveTest1 InsertAfterRemoveTest2 RemoveTest0 RemoveTest1 RemoveTest2 RemoveTest3 RemoveTest4 RemoveTest5 RemoveTest6 SizeTest2 , ,
9,Thu Mar 29 01:19:55 EDT 2018,67,13,Assignment4Suite,ContainsTest0 ContainsTest1+ ContainsTest2 EmptyTest0 EmptyTest2+ FindMinMaxTest0 FindMinMaxTest1 FindMinMaxTest2 HeightTest InsertAfterRemoveTest1+ InsertTest0 InsertTest1 InsertTest2 InsertTest3 InsertTest4 InsertTest5 RemoveTest0+ RemoveTest7 SizeTest0 SizeTest1 SizeTest3 , ,EmptyTest1 InsertAfterRemoveTest0 InsertAfterRemoveTest2 RemoveTest1 RemoveTest2 RemoveTest3 RemoveTest4 RemoveTest5 RemoveTest6 SizeTest2 , ,
10,Thu Mar 29 01:25:34 EDT 2018,67,0,Assignment4Suite,ContainsTest0 ContainsTest1 ContainsTest2 EmptyTest0 EmptyTest2 FindMinMaxTest0 FindMinMaxTest1 FindMinMaxTest2 HeightTest InsertAfterRemoveTest1 InsertTest0 InsertTest1 InsertTest2 InsertTest3 InsertTest4 InsertTest5 RemoveTest0 RemoveTest7 SizeTest0 SizeTest1 SizeTest3 , ,EmptyTest1 InsertAfterRemoveTest0 InsertAfterRemoveTest2 RemoveTest1 RemoveTest2 RemoveTest3 RemoveTest4 RemoveTest5 RemoveTest6 SizeTest2 , ,
11,Thu Mar 29 01:27:22 EDT 2018,6,-61,Assignment4Suite,EmptyTest0 SizeTest0 , ,ContainsTest0- ContainsTest1- ContainsTest2- EmptyTest1 EmptyTest2- FindMinMaxTest0- FindMinMaxTest1- FindMinMaxTest2- HeightTest- InsertAfterRemoveTest0 InsertAfterRemoveTest1- InsertAfterRemoveTest2 InsertTest0- InsertTest1- InsertTest2- InsertTest3- InsertTest4- InsertTest5- RemoveTest0- RemoveTest1 RemoveTest2 RemoveTest3 RemoveTest4 RemoveTest5 RemoveTest6 RemoveTest7- SizeTest1- SizeTest2 SizeTest3- , ,
12,Thu Mar 29 01:27:36 EDT 2018,67,61,Assignment4Suite,ContainsTest0+ ContainsTest1+ ContainsTest2+ EmptyTest0 EmptyTest2+ FindMinMaxTest0+ FindMinMaxTest1+ FindMinMaxTest2+ HeightTest+ InsertAfterRemoveTest1+ InsertTest0+ InsertTest1+ InsertTest2+ InsertTest3+ InsertTest4+ InsertTest5+ RemoveTest0+ RemoveTest7+ SizeTest0 SizeTest1+ SizeTest3+ , ,EmptyTest1 InsertAfterRemoveTest0 InsertAfterRemoveTest2 RemoveTest1 RemoveTest2 RemoveTest3 RemoveTest4 RemoveTest5 RemoveTest6 SizeTest2 , ,
13,Thu Mar 29 01:28:00 EDT 2018,77,10,Assignment4Suite,ContainsTest0 ContainsTest1 ContainsTest2 EmptyTest0 EmptyTest1+ EmptyTest2 FindMinMaxTest0 FindMinMaxTest1 FindMinMaxTest2 HeightTest InsertAfterRemoveTest0+ InsertAfterRemoveTest1 InsertTest0 InsertTest1 InsertTest2 InsertTest3 InsertTest4 InsertTest5 RemoveTest0 RemoveTest7 SizeTest0 SizeTest1 SizeTest2+ SizeTest3 , ,InsertAfterRemoveTest2 RemoveTest1 RemoveTest2 RemoveTest3 RemoveTest4 RemoveTest5 RemoveTest6 , ,
14,Thu Mar 29 01:28:43 EDT 2018,77,0,Assignment4Suite,ContainsTest0 ContainsTest1 ContainsTest2 EmptyTest0 EmptyTest1 EmptyTest2 FindMinMaxTest0 FindMinMaxTest1 FindMinMaxTest2 HeightTest InsertAfterRemoveTest0 InsertAfterRemoveTest1 InsertTest0 InsertTest1 InsertTest2 InsertTest3 InsertTest4 InsertTest5 RemoveTest0 RemoveTest7 SizeTest0 SizeTest1 SizeTest2 SizeTest3 , ,InsertAfterRemoveTest2 RemoveTest1 RemoveTest2 RemoveTest3 RemoveTest4 RemoveTest5 RemoveTest6 , ,
15,Thu Mar 29 01:31:36 EDT 2018,80,3,Assignment4Suite,ContainsTest0 ContainsTest2 EmptyTest0 EmptyTest2 FindMinMaxTest0 FindMinMaxTest1 FindMinMaxTest2 HeightTest InsertAfterRemoveTest0 InsertAfterRemoveTest1 InsertAfterRemoveTest2+ InsertTest0 InsertTest1 InsertTest2 InsertTest3 InsertTest4 InsertTest5 RemoveTest1+ RemoveTest2+ RemoveTest6+ RemoveTest7 SizeTest0 SizeTest1 SizeTest2 SizeTest3 , ,ContainsTest1- EmptyTest1- RemoveTest0- RemoveTest3 RemoveTest4 RemoveTest5 , ,
16,Thu Mar 29 01:32:59 EDT 2018,83,3,Assignment4Suite,ContainsTest0 ContainsTest2 EmptyTest0 EmptyTest1+ EmptyTest2 FindMinMaxTest0 FindMinMaxTest1 FindMinMaxTest2 HeightTest InsertAfterRemoveTest0 InsertAfterRemoveTest1 InsertAfterRemoveTest2 InsertTest0 InsertTest1 InsertTest2 InsertTest3 InsertTest4 InsertTest5 RemoveTest1 RemoveTest2 RemoveTest6 RemoveTest7 SizeTest0 SizeTest1 SizeTest2 SizeTest3 , ,ContainsTest1 RemoveTest0 RemoveTest3 RemoveTest4 RemoveTest5 , ,
17,Thu Mar 29 01:34:29 EDT 2018,83,0,Assignment4Suite,ContainsTest0 ContainsTest2 EmptyTest0 EmptyTest1 EmptyTest2 FindMinMaxTest0 FindMinMaxTest1 FindMinMaxTest2 HeightTest InsertAfterRemoveTest0 InsertAfterRemoveTest1 InsertAfterRemoveTest2 InsertTest0 InsertTest1 InsertTest2 InsertTest3 InsertTest4 InsertTest5 RemoveTest1 RemoveTest2 RemoveTest6 RemoveTest7 SizeTest0 SizeTest1 SizeTest2 SizeTest3 , ,ContainsTest1 RemoveTest0 RemoveTest3 RemoveTest4 RemoveTest5 , ,
18,Thu Mar 29 01:40:22 EDT 2018,74,-9,Assignment4Suite,ContainsTest0 ContainsTest2 EmptyTest0 EmptyTest1 EmptyTest2 FindMinMaxTest0 FindMinMaxTest1 FindMinMaxTest2 HeightTest InsertAfterRemoveTest0 InsertAfterRemoveTest2 InsertTest0 InsertTest1 InsertTest2 InsertTest3 InsertTest4 InsertTest5 RemoveTest0+ RemoveTest7 SizeTest0 SizeTest1 SizeTest2 SizeTest3 , ,ContainsTest1 InsertAfterRemoveTest1- RemoveTest1- RemoveTest2- RemoveTest3 RemoveTest4 RemoveTest5 RemoveTest6- , ,
19,Thu Mar 29 01:42:04 EDT 2018,74,0,Assignment4Suite,ContainsTest0 ContainsTest2 EmptyTest0 EmptyTest2 FindMinMaxTest0 FindMinMaxTest1 FindMinMaxTest2 HeightTest InsertAfterRemoveTest0 InsertAfterRemoveTest1+ InsertAfterRemoveTest2 InsertTest0 InsertTest1 InsertTest2 InsertTest3 InsertTest4 InsertTest5 RemoveTest0 RemoveTest7 SizeTest0 SizeTest1 SizeTest2 SizeTest3 , ,ContainsTest1 EmptyTest1- RemoveTest1 RemoveTest2 RemoveTest3 RemoveTest4 RemoveTest5 RemoveTest6 , ,
20,Thu Mar 29 01:50:35 EDT 2018,77,3,Assignment4Suite,ContainsTest0 ContainsTest2 EmptyTest0 EmptyTest2 FindMinMaxTest0 FindMinMaxTest1 FindMinMaxTest2 HeightTest InsertAfterRemoveTest0 InsertAfterRemoveTest1 InsertAfterRemoveTest2 InsertTest0 InsertTest1 InsertTest2 InsertTest3 InsertTest4 InsertTest5 RemoveTest0 RemoveTest1+ RemoveTest7 SizeTest0 SizeTest1 SizeTest2 SizeTest3 , ,ContainsTest1 EmptyTest1 RemoveTest2 RemoveTest3 RemoveTest4 RemoveTest5 RemoveTest6 , ,
21,Thu Mar 29 01:51:19 EDT 2018,77,0,Assignment4Suite,ContainsTest0 ContainsTest2 EmptyTest0 EmptyTest2 FindMinMaxTest0 FindMinMaxTest1 FindMinMaxTest2 HeightTest InsertAfterRemoveTest0 InsertAfterRemoveTest1 InsertAfterRemoveTest2 InsertTest0 InsertTest1 InsertTest2 InsertTest3 InsertTest4 InsertTest5 RemoveTest0 RemoveTest1 RemoveTest7 SizeTest0 SizeTest1 SizeTest2 SizeTest3 , ,ContainsTest1 EmptyTest1 RemoveTest2 RemoveTest3 RemoveTest4 RemoveTest5 RemoveTest6 , ,
22,Thu Mar 29 01:52:04 EDT 2018,77,0,Assignment4Suite,ContainsTest0 ContainsTest2 EmptyTest0 EmptyTest2 FindMinMaxTest0 FindMinMaxTest1 FindMinMaxTest2 HeightTest InsertAfterRemoveTest0 InsertAfterRemoveTest1 InsertAfterRemoveTest2 InsertTest0 InsertTest1 InsertTest2 InsertTest3 InsertTest4 InsertTest5 RemoveTest0 RemoveTest1 RemoveTest7 SizeTest0 SizeTest1 SizeTest2 SizeTest3 , ,ContainsTest1 EmptyTest1 RemoveTest2 RemoveTest3 RemoveTest4 RemoveTest5 RemoveTest6 , ,
23,Thu Mar 29 01:53:35 EDT 2018,87,10,Assignment4Suite,ContainsTest0 ContainsTest1+ ContainsTest2 EmptyTest0 EmptyTest1+ EmptyTest2 FindMinMaxTest0 FindMinMaxTest1 FindMinMaxTest2 HeightTest InsertAfterRemoveTest0 InsertAfterRemoveTest1 InsertTest0 InsertTest1 InsertTest2 InsertTest3 InsertTest4 InsertTest5 RemoveTest0 RemoveTest2+ RemoveTest5+ RemoveTest6+ RemoveTest7 SizeTest0 SizeTest1 SizeTest2 SizeTest3 , ,InsertAfterRemoveTest2- RemoveTest1- RemoveTest3 RemoveTest4 , ,
24,Thu Mar 29 01:54:19 EDT 2018,93,6,Assignment4Suite,ContainsTest0 ContainsTest1 ContainsTest2 EmptyTest0 EmptyTest1 EmptyTest2 FindMinMaxTest0 FindMinMaxTest1 FindMinMaxTest2 HeightTest InsertAfterRemoveTest0 InsertAfterRemoveTest1 InsertAfterRemoveTest2+ InsertTest0 InsertTest1 InsertTest2 InsertTest3 InsertTest4 InsertTest5 RemoveTest0 RemoveTest1+ RemoveTest2 RemoveTest5 RemoveTest6 RemoveTest7 SizeTest0 SizeTest1 SizeTest2 SizeTest3 , ,RemoveTest3 RemoveTest4 , ,
25,Thu Mar 29 01:56:35 EDT 2018,93,0,Assignment4Suite,ContainsTest0 ContainsTest1 ContainsTest2 EmptyTest0 EmptyTest1 EmptyTest2 FindMinMaxTest0 FindMinMaxTest1 FindMinMaxTest2 HeightTest InsertAfterRemoveTest0 InsertAfterRemoveTest1 InsertAfterRemoveTest2 InsertTest0 InsertTest1 InsertTest2 InsertTest3 InsertTest4 InsertTest5 RemoveTest0 RemoveTest1 RemoveTest2 RemoveTest5 RemoveTest6 RemoveTest7 SizeTest0 SizeTest1 SizeTest2 SizeTest3 , ,RemoveTest3 RemoveTest4 , ,
26,Thu Mar 29 18:12:06 EDT 2018,93,0,Assignment4Suite,ContainsTest0 ContainsTest1 ContainsTest2 EmptyTest0 EmptyTest1 EmptyTest2 FindMinMaxTest0 FindMinMaxTest1 FindMinMaxTest2 HeightTest InsertAfterRemoveTest0 InsertAfterRemoveTest1 InsertAfterRemoveTest2 InsertTest0 InsertTest1 InsertTest2 InsertTest3 InsertTest4 InsertTest5 RemoveTest0 RemoveTest1 RemoveTest2 RemoveTest5 RemoveTest6 RemoveTest7 SizeTest0 SizeTest1 SizeTest2 SizeTest3 , ,RemoveTest3 RemoveTest4 , ,
27,Thu Mar 29 18:26:04 EDT 2018,93,0,Assignment4Suite,ContainsTest0 ContainsTest1 ContainsTest2 EmptyTest0 EmptyTest1 EmptyTest2 FindMinMaxTest0 FindMinMaxTest1 FindMinMaxTest2 HeightTest InsertAfterRemoveTest0 InsertAfterRemoveTest1 InsertAfterRemoveTest2 InsertTest0 InsertTest1 InsertTest2 InsertTest3 InsertTest4 InsertTest5 RemoveTest0 RemoveTest1 RemoveTest2 RemoveTest5 RemoveTest6 RemoveTest7 SizeTest0 SizeTest1 SizeTest2 SizeTest3 , ,RemoveTest3 RemoveTest4 , ,
28,Thu Mar 29 18:49:35 EDT 2018,93,0,Assignment4Suite,ContainsTest0 ContainsTest1 ContainsTest2 EmptyTest0 EmptyTest1 EmptyTest2 FindMinMaxTest0 FindMinMaxTest1 FindMinMaxTest2 HeightTest InsertAfterRemoveTest0 InsertAfterRemoveTest1 InsertAfterRemoveTest2 InsertTest0 InsertTest1 InsertTest2 InsertTest3 InsertTest4 InsertTest5 RemoveTest0 RemoveTest1 RemoveTest2 RemoveTest5 RemoveTest6 RemoveTest7 SizeTest0 SizeTest1 SizeTest2 SizeTest3 , ,RemoveTest3 RemoveTest4 , ,
29,Thu Mar 29 19:09:04 EDT 2018,93,0,Assignment4Suite,ContainsTest0 ContainsTest1 ContainsTest2 EmptyTest0 EmptyTest1 EmptyTest2 FindMinMaxTest0 FindMinMaxTest1 FindMinMaxTest2 HeightTest InsertAfterRemoveTest0 InsertAfterRemoveTest1 InsertAfterRemoveTest2 InsertTest0 InsertTest1 InsertTest2 InsertTest3 InsertTest4 InsertTest5 RemoveTest0 RemoveTest1 RemoveTest2 RemoveTest5 RemoveTest6 RemoveTest7 SizeTest0 SizeTest1 SizeTest2 SizeTest3 , ,RemoveTest3 RemoveTest4 , ,
30,Thu Mar 29 19:12:23 EDT 2018,93,0,Assignment4Suite,ContainsTest0 ContainsTest1 ContainsTest2 EmptyTest0 EmptyTest1 EmptyTest2 FindMinMaxTest0 FindMinMaxTest1 FindMinMaxTest2 HeightTest InsertAfterRemoveTest0 InsertAfterRemoveTest1 InsertAfterRemoveTest2 InsertTest0 InsertTest1 InsertTest2 InsertTest3 InsertTest4 InsertTest5 RemoveTest0 RemoveTest1 RemoveTest2 RemoveTest5 RemoveTest6 RemoveTest7 SizeTest0 SizeTest1 SizeTest2 SizeTest3 , ,RemoveTest3 RemoveTest4 , ,
31,Thu Mar 29 19:17:12 EDT 2018,93,0,Assignment4Suite,ContainsTest0 ContainsTest1 ContainsTest2 EmptyTest0 EmptyTest1 EmptyTest2 FindMinMaxTest0 FindMinMaxTest1 FindMinMaxTest2 HeightTest InsertAfterRemoveTest0 InsertAfterRemoveTest1 InsertAfterRemoveTest2 InsertTest0 InsertTest1 InsertTest2 InsertTest3 InsertTest4 InsertTest5 RemoveTest0 RemoveTest1 RemoveTest2 RemoveTest5 RemoveTest6 RemoveTest7 SizeTest0 SizeTest1 SizeTest2 SizeTest3 , ,RemoveTest3 RemoveTest4 , ,
32,Thu Mar 29 19:43:25 EDT 2018,93,0,Assignment4Suite,ContainsTest0 ContainsTest1 ContainsTest2 EmptyTest0 EmptyTest1 EmptyTest2 FindMinMaxTest0 FindMinMaxTest1 FindMinMaxTest2 HeightTest InsertAfterRemoveTest0 InsertAfterRemoveTest1 InsertAfterRemoveTest2 InsertTest0 InsertTest1 InsertTest2 InsertTest3 InsertTest4 InsertTest5 RemoveTest0 RemoveTest1 RemoveTest2 RemoveTest5 RemoveTest6 RemoveTest7 SizeTest0 SizeTest1 SizeTest2 SizeTest3 , ,RemoveTest3 RemoveTest4 , ,
33,Thu Mar 29 19:50:31 EDT 2018,93,0,Assignment4Suite,ContainsTest0 ContainsTest1 ContainsTest2 EmptyTest0 EmptyTest1 EmptyTest2 FindMinMaxTest0 FindMinMaxTest1 FindMinMaxTest2 HeightTest InsertAfterRemoveTest0 InsertAfterRemoveTest1 InsertAfterRemoveTest2 InsertTest0 InsertTest1 InsertTest2 InsertTest3 InsertTest4 InsertTest5 RemoveTest0 RemoveTest1 RemoveTest2 RemoveTest5 RemoveTest6 RemoveTest7 SizeTest0 SizeTest1 SizeTest2 SizeTest3 , ,RemoveTest3 RemoveTest4 , ,
34,Thu Mar 29 19:51:41 EDT 2018,93,0,Assignment4Suite,ContainsTest0 ContainsTest1 ContainsTest2 EmptyTest0 EmptyTest1 EmptyTest2 FindMinMaxTest0 FindMinMaxTest1 FindMinMaxTest2 HeightTest InsertAfterRemoveTest0 InsertAfterRemoveTest1 InsertAfterRemoveTest2 InsertTest0 InsertTest1 InsertTest2 InsertTest3 InsertTest4 InsertTest5 RemoveTest0 RemoveTest1 RemoveTest2 RemoveTest5 RemoveTest6 RemoveTest7 SizeTest0 SizeTest1 SizeTest2 SizeTest3 , ,RemoveTest3 RemoveTest4 , ,
35,Thu Mar 29 19:53:11 EDT 2018,93,0,Assignment4Suite,ContainsTest0 ContainsTest1 ContainsTest2 EmptyTest0 EmptyTest1 EmptyTest2 FindMinMaxTest0 FindMinMaxTest1 FindMinMaxTest2 HeightTest InsertAfterRemoveTest0 InsertAfterRemoveTest1 InsertAfterRemoveTest2 InsertTest0 InsertTest1 InsertTest2 InsertTest3 InsertTest4 InsertTest5 RemoveTest0 RemoveTest1 RemoveTest2 RemoveTest5 RemoveTest6 RemoveTest7 SizeTest0 SizeTest1 SizeTest2 SizeTest3 , ,RemoveTest3 RemoveTest4 , ,
36,Thu Mar 29 19:54:04 EDT 2018,93,0,Assignment4Suite,ContainsTest0 ContainsTest1 ContainsTest2 EmptyTest0 EmptyTest1 EmptyTest2 FindMinMaxTest0 FindMinMaxTest1 FindMinMaxTest2 HeightTest InsertAfterRemoveTest0 InsertAfterRemoveTest1 InsertAfterRemoveTest2 InsertTest0 InsertTest1 InsertTest2 InsertTest3 InsertTest4 InsertTest5 RemoveTest0 RemoveTest1 RemoveTest2 RemoveTest5 RemoveTest6 RemoveTest7 SizeTest0 SizeTest1 SizeTest2 SizeTest3 , ,RemoveTest3 RemoveTest4 , ,
37,Thu Mar 29 20:00:34 EDT 2018,70,-23,Assignment4Suite,ContainsTest0 ContainsTest1 ContainsTest2 EmptyTest0 FindMinMaxTest0 FindMinMaxTest1 FindMinMaxTest2 HeightTest InsertAfterRemoveTest0 InsertTest0 InsertTest1 InsertTest2 InsertTest3 InsertTest4 InsertTest5 RemoveTest2 RemoveTest5 RemoveTest6 RemoveTest7 SizeTest0 SizeTest1 SizeTest3 , ,EmptyTest1- EmptyTest2- InsertAfterRemoveTest1- InsertAfterRemoveTest2- RemoveTest0- RemoveTest1- RemoveTest3 RemoveTest4 SizeTest2- , ,
38,Thu Mar 29 20:05:14 EDT 2018,93,23,Assignment4Suite,ContainsTest0 ContainsTest1 ContainsTest2 EmptyTest0 EmptyTest1+ EmptyTest2+ FindMinMaxTest0 FindMinMaxTest1 FindMinMaxTest2 HeightTest InsertAfterRemoveTest0 InsertAfterRemoveTest1+ InsertAfterRemoveTest2+ InsertTest0 InsertTest1 InsertTest2 InsertTest3 InsertTest4 InsertTest5 RemoveTest0+ RemoveTest1+ RemoveTest2 RemoveTest5 RemoveTest6 RemoveTest7 SizeTest0 SizeTest1 SizeTest2+ SizeTest3 , ,RemoveTest3 RemoveTest4 , ,
39,Thu Mar 29 20:10:52 EDT 2018,93,0,Assignment4Suite,ContainsTest0 ContainsTest1 ContainsTest2 EmptyTest0 EmptyTest1 EmptyTest2 FindMinMaxTest0 FindMinMaxTest1 FindMinMaxTest2 HeightTest InsertAfterRemoveTest0 InsertAfterRemoveTest1 InsertAfterRemoveTest2 InsertTest0 InsertTest1 InsertTest2 InsertTest3 InsertTest4 InsertTest5 RemoveTest0 RemoveTest1 RemoveTest2 RemoveTest5 RemoveTest6 RemoveTest7 SizeTest0 SizeTest1 SizeTest2 SizeTest3 , ,RemoveTest3 RemoveTest4 , ,
40,Thu Mar 29 20:14:22 EDT 2018,70,-23,Assignment4Suite,ContainsTest0 ContainsTest1 ContainsTest2 EmptyTest0 FindMinMaxTest0 FindMinMaxTest1 FindMinMaxTest2 HeightTest InsertAfterRemoveTest0 InsertTest0 InsertTest1 InsertTest2 InsertTest3 InsertTest4 InsertTest5 RemoveTest2 RemoveTest5 RemoveTest6 RemoveTest7 SizeTest0 SizeTest1 SizeTest3 , ,EmptyTest1- EmptyTest2- InsertAfterRemoveTest1- InsertAfterRemoveTest2- RemoveTest0- RemoveTest1- RemoveTest3 RemoveTest4 SizeTest2- , ,
41,Thu Mar 29 20:24:47 EDT 2018,41,-29,Assignment4Suite,ContainsTest2 EmptyTest0 FindMinMaxTest0 FindMinMaxTest1 FindMinMaxTest2 HeightTest InsertAfterRemoveTest0 InsertTest0 InsertTest5 RemoveTest7 SizeTest0 SizeTest1 SizeTest3 , ,ContainsTest0- ContainsTest1- EmptyTest1 EmptyTest2 InsertAfterRemoveTest1 InsertAfterRemoveTest2 InsertTest1- InsertTest2- InsertTest3- InsertTest4- RemoveTest0 RemoveTest1 RemoveTest2- RemoveTest3 RemoveTest4 RemoveTest5- RemoveTest6- SizeTest2 , ,
42,Thu Mar 29 20:28:44 EDT 2018,70,29,Assignment4Suite,ContainsTest0+ ContainsTest1+ ContainsTest2 EmptyTest0 FindMinMaxTest0 FindMinMaxTest1 FindMinMaxTest2 HeightTest InsertAfterRemoveTest0 InsertTest0 InsertTest1+ InsertTest2+ InsertTest3+ InsertTest4+ InsertTest5 RemoveTest2+ RemoveTest5+ RemoveTest6+ RemoveTest7 SizeTest0 SizeTest1 SizeTest3 , ,EmptyTest1 EmptyTest2 InsertAfterRemoveTest1 InsertAfterRemoveTest2 RemoveTest0 RemoveTest1 RemoveTest3 RemoveTest4 SizeTest2 , ,
43,Thu Mar 29 20:32:11 EDT 2018,90,20,Assignment4Suite,ContainsTest0 ContainsTest1 ContainsTest2 EmptyTest0 EmptyTest1+ EmptyTest2+ FindMinMaxTest0 FindMinMaxTest1 FindMinMaxTest2 HeightTest InsertAfterRemoveTest0 InsertAfterRemoveTest1+ InsertAfterRemoveTest2+ InsertTest0 InsertTest1 InsertTest2 InsertTest3 InsertTest4 InsertTest5 RemoveTest0+ RemoveTest1+ RemoveTest2 RemoveTest6 RemoveTest7 SizeTest0 SizeTest1 SizeTest2+ SizeTest3 , ,RemoveTest3 RemoveTest4 RemoveTest5- , ,
44,Thu Mar 29 23:51:58 EDT 2018,96,6,Assignment4Suite,ContainsTest0 ContainsTest1 ContainsTest2 EmptyTest0 EmptyTest1 EmptyTest2 FindMinMaxTest0 FindMinMaxTest1 FindMinMaxTest2 HeightTest InsertAfterRemoveTest0 InsertAfterRemoveTest1 InsertAfterRemoveTest2 InsertTest0 InsertTest1 InsertTest2 InsertTest3 InsertTest4 InsertTest5 RemoveTest0 RemoveTest1 RemoveTest2 RemoveTest3+ RemoveTest5+ RemoveTest6 RemoveTest7 SizeTest0 SizeTest1 SizeTest2 SizeTest3 , ,RemoveTest4 , ,
45,Thu Mar 29 23:56:13 EDT 2018,100,4,Assignment4Suite,ContainsTest0 ContainsTest1 ContainsTest2 EmptyTest0 EmptyTest1 EmptyTest2 FindMinMaxTest0 FindMinMaxTest1 FindMinMaxTest2 HeightTest InsertAfterRemoveTest0 InsertAfterRemoveTest1 InsertAfterRemoveTest2 InsertTest0 InsertTest1 InsertTest2 InsertTest3 InsertTest4 InsertTest5 RemoveTest0 RemoveTest1 RemoveTest2 RemoveTest3 RemoveTest4+ RemoveTest5 RemoveTest6 RemoveTest7 SizeTest0 SizeTest1 SizeTest2 SizeTest3 , , , ,
46,Fri Mar 30 20:37:38 EDT 2018,100,0,Assignment4Suite,ContainsTest0 ContainsTest1 ContainsTest2 EmptyTest0 EmptyTest1 EmptyTest2 FindMinMaxTest0 FindMinMaxTest1 FindMinMaxTest2 HeightTest InsertAfterRemoveTest0 InsertAfterRemoveTest1 InsertAfterRemoveTest2 InsertTest0 InsertTest1 InsertTest2 InsertTest3 InsertTest4 InsertTest5 RemoveTest0 RemoveTest1 RemoveTest2 RemoveTest3 RemoveTest4 RemoveTest5 RemoveTest6 RemoveTest7 SizeTest0 SizeTest1 SizeTest2 SizeTest3 , , , ,
